ID,ScanNum,Precursor,Charge,Peptide
0,3329,1291.9486,3,L.SQILAPNNYYPSKNLAPIALNAQDDFSSTPITMNY.N
1,2778,749.10034,4,K.YKSSPEKWSTASDPYSDFEKVTGRID.K
2,1863,718.31775,2,A.GFSNSNSSTVAIDH.S
3,2560,857.3975,2,A.FGFNEPNGNLQYQGK.D
4,2514,899.9381,2,R.IAAVNPSDPLETTKPDM.T
5,2041,783.3625,2,F.GFNEPNGNLQYQGK.D
6,1696,689.8078,2,G.FSNSNSSTVAIDH.S
7,2811,757.0078,3,F.FDIGGSVSAGFSNSNSSTVAIDH.S
8,1933,658.33905,2,R.NNIAVGADESVVK.E
9,2807,914.9432,2,A.AVNPSDPLETTKPDMTL.K
10,2790,998.46606,3,K.YKSSPEKWSTASDPYSDFEKVTGRID.K
11,2312,595.68066,3,L.PTTSLVLGKNQTLATIK.A
12,1687,576.6656,3,L.VLGKNQTLATIKAKEN.Q
13,3293,1123.8575,3,F.FDIGGSVSAGFSNSNSSTVAIDHSLSLAGERTW.A
14,2386,609.60736,3,F.DFNFDQQTSQNIKNQ.L
15,2699,848.9119,4,K.GLTKYKSSPEKWSTASDPYSDFEKVTGRID.K
16,1923,755.19995,5,Y.WTDSQNKKEVISSDNLQLPELKQKSSNSRKKR.S
17,2257,736.3829,2,W.SEVLPQIQETTAR.I
18,2721,727.3475,2,P.DSLEVEGYTVDVK.N
19,3653,660.8607,4,H.REVINSSTEGLLLNIDKDIRKIL.S
20,3247,810.85266,2,L.DTDQVYGNIATYNF.E
21,3635,897.4265,2,L.LNESESSSQGLLGYYF.S
22,1770,906.91486,2,K.VKKSDEYTFATSADNH.V
23,2668,692.07416,4,K.YKSSPEKWSTASDPYSDFEKVTGR.I
24,899,616.273,2,F.SNSNSSTVAIDH.S
25,2131,558.62146,3,N.PSENGDTSTNGIKKIL.I
26,2688,834.6571,4,G.LTKYKSSPEKWSTASDPYSDFEKVTGRID.K
27,1626,830.90265,2,W.VDDQEVINKASNSNK.I
28,2844,752.8075,2,Q.DDFSSTPITMNYN.Q
29,3231,1029.1787,3,E.NQLSQILAPNNYYPSKNLAPIALNAQDD.F
30,2340,807.8782,2,A.AVNPSDPLETTKPDM.T
31,3038,695.7868,2,Q.DDFSSTPITMNY.N
32,2073,742.3594,2,A.AVNPSDPLETTKPD.M
33,1542,718.8341,2,F.NFDQQTSQNIKN.Q
34,1619,682.3186,2,E.NRLLNESESSSQ.G
35,2918,860.9257,2,D.GIPDSLEVEGYTVDVK.N
36,2378,849.88043,2,F.DFNFDQQTSQNIKN.Q
37,792,580.77856,2,L.NTADTARLNAN.I
38,2237,592.62213,3,P.SDPLETTKPDMTLKEA.L
39,2996,795.33386,2,N.AQDDFSSTPITMNY.N
40,1807,583.26697,2,Q.APMVVTSSTTGD.L
41,1756,483.24936,4,W.VDDQEVINKASNSNKIR.L
42,2580,627.812,2,K.NLAPIALNAQDD.F
43,2606,678.39014,2,Y.NVLPTTSLVLGKN.Q
44,3579,1058.0465,2,N.IPSENQYFQSAIWSGFIK.V
45,2163,771.41376,3,D.KNVSPEARHPLVAAYPIVHVD.M
46,3421,1279.6315,3,N.QLSQILAPNNYYPSKNLAPIALNAQDDFSSTPITM.N
47,1951,601.31836,2,N.NIAVGADESVVK.E
48,2820,1045.1532,3,R.STSAGPTVPDRDNDGIPDSLEVEGYTVDVK.N
49,1824,544.29694,2,N.IAVGADESVVK.E
50,1760,643.99664,3,W.VDDQEVINKASNSNKIR.L
51,3392,657.8377,2,R.TFLSPWISNIH.E
52,2992,852.3539,2,L.NAQDDFSSTPITMNY.N
53,3380,1124.2239,3,F.FDIGGSVSAGFSNSNSSTVAIDHSLSLAGERTW.A
54,2577,777.8495,2,L.NFQAPMVVTSSTTGD.L
55,2714,595.80444,2,H.SLSLAGERTWA.E
56,2604,598.8301,2,P.LVAAYPIVHVD.M
57,1610,682.319,2,E.NRLLNESESSSQ.G
58,3338,1219.5906,3,Q.ILAPNNYYPSKNLAPIALNAQDDFSSTPITMNY.N
59,1617,554.26984,3,W.VDDQEVINKASNSNK.I
60,2328,542.2889,2,L.VAAYPIVHVD.M
61,1459,499.2226,2,P.MVVTSSTTGD.L
62,3578,745.14264,4,K.EAHREVINSSTEGLLLNIDKDIRKIL.S
63,2395,993.97845,2,V.NPSDPLETTKPDMTLKEA.L
64,1732,674.76965,5,D.SQNKKEVISSDNLQLPELKQKSSNSRKKR.S
65,3582,596.11694,5,K.EAHREVINSSTEGLLLNIDKDIRKIL.S
66,3039,638.274,2,D.DFSSTPITMNY.N
67,3786,876.89185,2,E.SESSSQGLLGYYFSDL.N
68,2126,628.7681,2,E.KWSTASDPYSD.F
69,2162,615.7943,2,N.SNSSTVAIDHSL.S
70,3307,1198.9185,3,L.SQILAPNNYYPSKNLAPIALNAQDDFSSTPITM.N
71,1786,593.85443,2,V.LGKNQTLATIK.A
72,3055,798.8821,2,R.LLNESESSSQGLLGY.Y
73,2467,679.80646,2,D.TDQVYGNIATYN.F
74,3193,753.3398,2,D.TDQVYGNIATYNF.E
75,1823,731.8292,2,N.TIINPSENGDTSTN.G
76,609,400.9695,4,D.QEVINKASNSNKIR.L
77,3713,953.9696,2,R.LLNESESSSQGLLGYYF.S
78,3426,1127.0292,2,F.DFNFDQQTSQNIKNQLAEL.N
79,3336,968.71576,4,L.SQILAPNNYYPSKNLAPIALNAQDDFSSTPITMNY.N
80,2708,766.8216,2,K.WSTASDPYSDFEK.V
81,3797,1054.9689,2,L.LNESESSSQGLLGYYFSDL.N
82,3119,925.8419,3,N.ANIRYVNTGTAPIYNVLPTTSLVLGK.N
83,2825,849.4073,5,K.VKKSDEYTFATSADNHVTMWVDDQEVINKASNSNKIR.L
84,855,515.7367,2,N.SNSSTVAIDH.S
85,913,515.7366,2,N.SNSSTVAIDH.S
86,1762,428.22055,4,N.IAVGADESVVKEAHRE.V
